{
    "ARAdmin": {},
    "ARSDadmin": false,
    "ARSDstaff": false,
    "ARSadmin": false,
    "ARSstaff": false,
    "ARStaff": {},
    "ARautojoin": true,
    "ARautoread": false,
    "ARautoscan": false,
    "ARblacklist": {},
    "ARdblacklist": false,
    "ARgreet": {},
    "ARlimit": 1,
    "ARmessage": "Hallo...",
    "ARmessage1": "Chat with me http://line.me/ti/p/~samudrabots.py",
    "Addimage": false,
    "GALbot": false,
    "GAbot": {},
    "Images": {},
    "Img": {},
    "RAfoto": {},
    "RAvideo": {},
    "autoAdd": false,
    "autoJoin": false,
    "autoJoinTicket": false,
    "autoLeave": true,
    "autoRead": false,
    "autoReject": false,
    "changeGroupPicture": false,
    "changePicture": false,
    "comment1": "hadir...untuk nge Like doang",
    "ghostJs": {
        "c6dd88b33635f79b643f4954cfb6bdeaa": true
    },
    "keyCommand": "",
    "picon": {
        "c6dd88b33635f79b643f4954cfb6bdeaa": true
    },
    "proInvite": {
        "c6dd88b33635f79b643f4954cfb6bdeaa": true
    },
    "proKick": {
        "c6dd88b33635f79b643f4954cfb6bdeaa": true
    },
    "proLink": {
        "c6dd88b33635f79b643f4954cfb6bdeaa": true
    },
    "proName": {
        "c6dd88b33635f79b643f4954cfb6bdeaa": true
    },
    "pro_name": {
        "c6dd88b33635f79b643f4954cfb6bdeaa": "Fileku"
    },
    "protectantijs": {
        "c6dd88b33635f79b643f4954cfb6bdeaa": true
    },
    "protectcancel": {
        "c6dd88b33635f79b643f4954cfb6bdeaa": true
    },
    "readMember": {},
    "readPoint": {},
    "restartBot": {},
    "restartPoint": {},
    "server": {},
    "userAgent": {},
    "wblacklist": false
}